traj,level,predictor,seed,rmse,max_err,viol_015,viol_own,coverage_own,tube_mean,solve_ms_mean,solve_ms_p99,f_m,f_I,f_r,f_b,f_c_v,f_c_w,f_mu_r
figure8,0.1,zero,0,0.05716138745937376,0.10316248660872518,0,97,0.87875,0.07999999999999999,21.31368488125986,30.30482484049571,1.0742118291265905,1.056400764900274,1.0745775420018597,0.9818190038457655,1.058613475884636,0.9239953049052425,1.0098305617838998
figure8,0.1,zero,1,0.06764593960992499,0.11435646682800014,0,134,0.8325,0.07999999999999999,22.335778266242414,29.380963609837636,0.9749832118984151,0.972230396840597,0.9027711441267005,1.0109623311580027,0.9634964905126098,1.0325593175246153,0.961001444045181
figure8,0.1,zero,2,0.061469907760554277,0.10919883819157565,0,108,0.865,0.07999999999999999,22.065109261251337,30.223336170029143,1.0508964986432316,0.9202239000016463,0.9847334131236247,0.9137993311038931,1.0195708977692175,1.0510648948569132,0.907598169058095
figure8,0.1,zero,3,0.06022068744721265,0.11075382424780167,0,107,0.86625,0.07999999999999999,21.937420138748394,29.853085070108136,1.052480990649457,1.0544897801131157,1.0143232271349305,0.9954337833249803,1.062168602804733,1.0992431846970654,0.9414717241343459
figure8,0.1,zero,4,0.060828597812275696,0.11009666906280287,0,103,0.87125,0.07999999999999999,22.411630574980563,29.19595259994821,1.087607064428867,0.9621656224676197,0.9840562479073237,0.9399497200535527,0.9501822737762291,0.9428720286976604,1.0042499520438362
figure8,0.1,zero,5,0.06844397461279528,0.11705297245430153,0,138,0.8275,0.07999999999999999,22.48101173501027,30.925058200527925,0.9519073997298757,1.0213368579335296,0.9081196754167372,1.0918851472812814,0.993704815763858,1.0208410097527123,1.0780037150780393
figure8,0.1,zero,6,0.06020812488357813,0.10800752899326131,0,102,0.8725,0.07999999999999999,22.68394125749637,31.273339989793378,0.9911745262645169,1.0815352438733659,0.9998867731361242,0.9263849663939187,0.9623158607881309,0.948513201149286,0.9851285218458004
figure8,0.1,zero,7,0.06803678354977681,0.11884534105235105,0,144,0.82,0.07999999999999999,22.503172653719048,29.649026119668633,0.9329641220334577,0.9701802355482037,0.9127047190274592,1.063037454076552,1.0902206299297688,0.9812787758862649,1.005260664897588
figure8,0.1,zero,8,0.06237050004955167,0.10971839926215522,0,116,0.855,0.07999999999999999,21.7215236712525,27.91185148967088,0.9407376052771498,1.0793599427987846,0.9694079433892239,0.9684559886964198,1.0375159058218952,0.9706246103220522,1.077101642895073
figure8,0.1,zero,9,0.05853445506542434,0.10666748203833569,0,110,0.8625,0.07999999999999999,21.855758118772428,30.193586220084395,0.9391210514568652,1.069668618209774,1.061488700271588,1.0490412100316238,1.0191778338280681,1.0473355575881593,1.077667275299033
figure8,0.1,persistence,0,0.06210134017349169,0.13458011380565513,0,0,1.0,0.08807821053498728,21.223352651243204,30.879083519730553,1.0742118291265905,1.056400764900274,1.0745775420018597,0.9818190038457655,1.058613475884636,0.9239953049052425,1.0098305617838998
figure8,0.1,persistence,1,0.07354852225915517,0.14597318632580983,0,0,1.0,0.09280121442800655,22.273286911250807,29.769175019446266,0.9749832118984151,0.972230396840597,0.9027711441267005,1.0109623311580027,0.9634964905126098,1.0325593175246153,0.961001444045181
figure8,0.1,persistence,2,0.06605765705341037,0.1334583962064414,0,0,1.0,0.08876011064511209,22.06568933125368,28.76558916045724,1.0508964986432316,0.9202239000016463,0.9847334131236247,0.9137993311038931,1.0195708977692175,1.0510648948569132,0.907598169058095
figure8,0.1,persistence,3,0.06561711647044201,0.1386318429167868,0,0,1.0,0.08905333626987268,22.695209158744092,29.390367889745903,1.052480990649457,1.0544897801131157,1.0143232271349305,0.9954337833249803,1.062168602804733,1.0992431846970654,0.9414717241343459
figure8,0.1,persistence,4,0.0656602913529229,0.13478807272371615,0,0,1.0,0.08876139364866355,22.41637528373417,27.77558061929085,1.087607064428867,0.9621656224676197,0.9840562479073237,0.9399497200535527,0.9501822737762291,0.9428720286976604,1.0042499520438362
figure8,0.1,persistence,5,0.07558001139322111,0.15382959435789734,3,0,1.0,0.09386554159470775,22.357218056237116,28.289583850064446,0.9519073997298757,1.0213368579335296,0.9081196754167372,1.0918851472812814,0.993704815763858,1.0208410097527123,1.0780037150780393
figure8,0.1,persistence,6,0.06485121399143398,0.1308628593851338,0,0,1.0,0.08850868876208885,22.55200086871355,28.009477850037,0.9911745262645169,1.0815352438733659,0.9998867731361242,0.9263849663939187,0.9623158607881309,0.948513201149286,0.9851285218458004
figure8,0.1,persistence,7,0.07441617756384539,0.1571770044984737,3,0,1.0,0.09315931955309331,22.965440370012402,29.028030000072246,0.9329641220334577,0.9701802355482037,0.9127047190274592,1.063037454076552,1.0902206299297688,0.9812787758862649,1.005260664897588
figure8,0.1,persistence,8,0.06773051301272574,0.14054502897759114,0,0,1.0,0.08966056409602377,21.65779684875588,27.740954260007125,0.9407376052771498,1.0793599427987846,0.9694079433892239,0.9684559886964198,1.0375159058218952,0.9706246103220522,1.077101642895073
figure8,0.1,persistence,9,0.06467859307998385,0.14148538907236957,0,0,1.0,0.0892609707957666,21.163381025023682,27.222747359373898,0.9391210514568652,1.069668618209774,1.061488700271588,1.0490412100316238,1.0191778338280681,1.0473355575881593,1.077667275299033
figure8,0.1,mamba,0,0.06240523204676289,0.13652289309919102,0,1,0.99875,0.08870955729485253,21.297208127493832,30.360215299851912,1.0742118291265905,1.056400764900274,1.0745775420018597,0.9818190038457655,1.058613475884636,0.9239953049052425,1.0098305617838998
figure8,0.1,mamba,1,0.07376848285368187,0.1479371892927351,0,0,1.0,0.09338825774759084,22.490553008728966,28.44038496032226,0.9749832118984151,0.972230396840597,0.9027711441267005,1.0109623311580027,0.9634964905126098,1.0325593175246153,0.961001444045181
figure8,0.1,mamba,2,0.06641169445527939,0.13573933414010497,0,0,1.0,0.0898112912814159,22.79153915249708,29.693829250027193,1.0508964986432316,0.9202239000016463,0.9847334131236247,0.9137993311038931,1.0195708977692175,1.0510648948569132,0.907598169058095
figure8,0.1,mamba,3,0.065928034249787,0.1412112892957571,0,0,1.0,0.08996121916581305,22.84257378374832,29.980708650182347,1.052480990649457,1.0544897801131157,1.0143232271349305,0.9954337833249803,1.062168602804733,1.0992431846970654,0.9414717241343459
figure8,0.1,mamba,4,0.06596574710393752,0.1371220891350447,0,0,1.0,0.08976150914177136,22.056849195009818,28.256933630609637,1.087607064428867,0.9621656224676197,0.9840562479073237,0.9399497200535527,0.9501822737762291,0.9428720286976604,1.0042499520438362
figure8,0.1,mamba,5,0.07574367845742133,0.15545049492770138,9,0,1.0,0.09416199386721015,21.99886766499617,28.173352369658456,0.9519073997298757,1.0213368579335296,0.9081196754167372,1.0918851472812814,0.993704815763858,1.0208410097527123,1.0780037150780393
figure8,0.1,mamba,6,0.0651729469744209,0.1330495722237038,0,0,1.0,0.08957585780181593,22.466778090025628,28.72402803982368,0.9911745262645169,1.0815352438733659,0.9998867731361242,0.9263849663939187,0.9623158607881309,0.948513201149286,0.9851285218458004
figure8,0.1,mamba,7,0.0746001843453989,0.15892933411427398,4,0,1.0,0.09394157953090612,21.725810050003247,27.88781053040111,0.9329641220334577,0.9701802355482037,0.9127047190274592,1.063037454076552,1.0902206299297688,0.9812787758862649,1.005260664897588
figure8,0.1,mamba,8,0.06801934019599662,0.14255437978588903,0,0,1.0,0.0906995064034009,21.76810906875744,28.157268460618067,0.9407376052771498,1.0793599427987846,0.9694079433892239,0.9684559886964198,1.0375159058218952,0.9706246103220522,1.077101642895073
figure8,0.1,mamba,9,0.06496215681708917,0.1431628743660828,0,1,0.99875,0.09022085371818588,21.266463978749925,28.45408060023146,0.9391210514568652,1.069668618209774,1.061488700271588,1.0490412100316238,1.0191778338280681,1.0473355575881593,1.077667275299033
figure8,0.2,zero,0,0.06980229664909572,0.11640883679906519,0,160,0.8,0.07999999999999999,22.38974617750273,29.79232686987416,1.0130084044486567,1.0963166173507772,0.9118883045919502,1.168386020714459,1.0049288325775896,0.8052064265365091,0.9917325377427197
figure8,0.2,zero,1,0.06278026863985103,0.1140984550425206,0,129,0.83875,0.07999999999999999,21.962243268758357,28.687991829674502,0.8571171131233195,0.8693753289682885,0.9990165502781679,1.1072977244892892,1.0056362020979905,1.0035884881044141,1.098349436451578
figure8,0.2,zero,2,0.06937228028739435,0.11187192693300847,0,139,0.82625,0.07999999999999999,23.043182926268173,31.63500284952533,1.0415551115500437,1.0203759287738465,0.857459044364321,0.8345010727165841,1.1451193635931605,1.1025901130398177,0.9860569758704741
figure8,0.2,zero,3,0.06521806543985223,0.10890644002906825,0,104,0.87,0.07999999999999999,22.85852934876857,28.591237829559756,1.0215712669461612,1.1570635075090756,0.9035480261187546,0.8639187129404107,1.1966106681798907,0.8495841723410376,0.9882081981970149
figure8,0.2,zero,4,0.05339080498261692,0.10746715137595922,0,98,0.8775,0.07999999999999999,22.464026463765094,28.503815669782853,0.8881812112970001,0.9471237989525775,1.1661380539514217,1.042609240560331,0.9378214702202506,0.828597947686987,0.8075098794214752
figure8,0.2,zero,5,0.05767056424878225,0.11007496613147986,0,113,0.85875,0.07999999999999999,22.518137795012763,28.35417579047316,0.9182725540357923,1.1985288524387525,1.0853899259324178,1.0744623606029837,0.9089157105371479,0.8360252798712785,0.9317440746521558
figure8,0.2,zero,6,0.05722415130486916,0.10241188741074193,0,83,0.89625,0.07999999999999999,22.697306393769168,29.458141480563427,1.1805035418184997,0.8225548233220727,1.0174456252693926,0.8020143695347303,1.1942168550756782,1.1100248441263496,1.0639165311645944
figure8,0.2,zero,7,0.06253397575702084,0.11728142204937958,0,130,0.8375,0.07999999999999999,21.90851950251158,28.33758832944113,1.1476496385175825,1.0633104170609344,1.0209513792744696,1.1515164141222065,0.8580568282323577,1.1230491299801253,0.894382884672055
figure8,0.2,zero,8,0.060762232285126665,0.10941034720627119,0,113,0.85875,0.07999999999999999,21.371032346229413,27.504199760724074,1.0930896155582022,0.8368012706225935,0.9997223624803597,0.9806863352218358,1.159516934813261,1.0594633032539265,0.9027403827196036
figure8,0.2,zero,9,0.06793159744432734,0.11013969425353896,0,135,0.83125,0.07999999999999999,20.940275337499088,28.395140199327216,0.8462341435776498,0.9792217479042815,0.8897363808426406,0.9667736498702746,1.0708934749999999,1.107577755679889,1.0572625961056705
figure8,0.2,persistence,0,0.0773474248801844,0.1621807960262579,17,0,1.0,0.09515723251361496,22.635137619996613,29.23843564028175,1.0130084044486567,1.0963166173507772,0.9118883045919502,1.168386020714459,1.0049288325775896,0.8052064265365091,0.9917325377427197
figure8,0.2,persistence,1,0.06968353033081466,0.1472546712446058,0,0,1.0,0.09121151375149139,21.871457876261502,28.780310049151012,0.8571171131233195,0.8693753289682885,0.9990165502781679,1.1072977244892892,1.0056362020979905,1.0035884881044141,1.098349436451578
figure8,0.2,persistence,2,0.07324219306845102,0.13437371598497974,0,0,1.0,0.09278168491258786,22.304177560024527,28.480212870290412,1.0415551115500437,1.0203759287738465,0.857459044364321,0.8345010727165841,1.1451193635931605,1.1025901130398177,0.9860569758704741
figure8,0.2,persistence,3,0.06923389343197628,0.13234786087714054,0,0,1.0,0.08994824044002624,22.307508625005994,28.22254280992638,1.0215712669461612,1.1570635075090756,0.9035480261187546,0.8639187129404107,1.1966106681798907,0.8495841723410376,0.9882081981970149
figure8,0.2,persistence,4,0.05906915910761053,0.13196617366540625,0,0,1.0,0.08783555358696925,22.113499578752,28.339902960542528,0.8881812112970001,0.9471237989525775,1.1661380539514217,1.042609240560331,0.9378214702202506,0.828597947686987,0.8075098794214752
figure8,0.2,persistence,5,0.06422597063873538,0.1404558273619242,0,0,1.0,0.08937287073955666,22.199958876230994,28.15847632875375,0.9182725540357923,1.1985288524387525,1.0853899259324178,1.0744623606029837,0.9089157105371479,0.8360252798712785,0.9317440746521558
figure8,0.2,persistence,6,0.06031695994935155,0.11750431488007446,0,0,1.0,0.08626967275568387,21.89832253254508,30.125377821696002,1.1805035418184997,0.8225548233220727,1.0174456252693926,0.8020143695347303,1.1942168550756782,1.1100248441263496,1.0639165311645944
figure8,0.2,persistence,7,0.06978500089374386,0.1569189572492176,3,0,1.0,0.0915048010722402,21.223600897517372,27.877616899895653,1.1476496385175825,1.0633104170609344,1.0209513792744696,1.1515164141222065,0.8580568282323577,1.1230491299801253,0.894382884672055
figure8,0.2,persistence,8,0.06621648503207546,0.13946930069049937,0,0,1.0,0.08925753628961555,20.797202213748278,26.616759070311673,1.0930896155582022,0.8368012706225935,0.9997223624803597,0.9806863352218358,1.159516934813261,1.0594633032539265,0.9027403827196036
figure8,0.2,persistence,9,0.07341108730292151,0.1475188834811253,0,0,1.0,0.0926597393123004,20.964609858754102,27.45992343103353,0.8462341435776498,0.9792217479042815,0.8897363808426406,0.9667736498702746,1.0708934749999999,1.107577755679889,1.0572625961056705
figure8,0.2,mamba,0,0.07739716938596813,0.16096513663685966,21,0,1.0,0.09499956117214373,22.073259912519916,28.08431479974388,1.0130084044486567,1.0963166173507772,0.9118883045919502,1.168386020714459,1.0049288325775896,0.8052064265365091,0.9917325377427197
figure8,0.2,mamba,1,0.06994943896508761,0.14915833474452886,0,0,1.0,0.09197399748275002,21.74143407374686,29.226441058654014,0.8571171131233195,0.8693753289682885,0.9990165502781679,1.1072977244892892,1.0056362020979905,1.0035884881044141,1.098349436451578
figure8,0.2,mamba,2,0.07348660777452684,0.13616200516359792,0,0,1.0,0.09326375533500993,22.047499286218226,27.878273920814536,1.0415551115500437,1.0203759287738465,0.857459044364321,0.8345010727165841,1.1451193635931605,1.1025901130398177,0.9860569758704741
figure8,0.2,mamba,3,0.06950959135160847,0.13515388396931072,0,0,1.0,0.09068525236386824,22.17589316247995,28.03808054090041,1.0215712669461612,1.1570635075090756,0.9035480261187546,0.8639187129404107,1.1966106681798907,0.8495841723410376,0.9882081981970149
figure8,0.2,mamba,4,0.05941784063254038,0.13434306879649674,0,1,0.99875,0.08841904360383934,22.015468702559247,27.206788109670015,0.8881812112970001,0.9471237989525775,1.1661380539514217,1.042609240560331,0.9378214702202506,0.828597947686987,0.8075098794214752
figure8,0.2,mamba,5,0.06456886964778263,0.14262828539532704,0,0,1.0,0.09018421240060202,22.230855233717648,29.919107690257075,0.9182725540357923,1.1985288524387525,1.0853899259324178,1.0744623606029837,0.9089157105371479,0.8360252798712785,0.9317440746521558
figure8,0.2,mamba,6,0.06066616469793904,0.12020734723550464,0,0,1.0,0.08752922028927684,21.92560705874712,28.850186018971726,1.1805035418184997,0.8225548233220727,1.0174456252693926,0.8020143695347303,1.1942168550756782,1.1100248441263496,1.0639165311645944
figure8,0.2,mamba,7,0.06998738942532007,0.15841117224870732,3,0,1.0,0.09248400876062028,21.230506562485516,27.53793933072302,1.1476496385175825,1.0633104170609344,1.0209513792744696,1.1515164141222065,0.8580568282323577,1.1230491299801253,0.894382884672055
figure8,0.2,mamba,8,0.0665166737509686,0.14163533652341354,0,0,1.0,0.09026120211944282,20.794579058767795,26.78485504047785,1.0930896155582022,0.8368012706225935,0.9997223624803597,0.9806863352218358,1.159516934813261,1.0594633032539265,0.9027403827196036
figure8,0.2,mamba,9,0.07360861680497112,0.14761342755063278,0,0,1.0,0.09345653852132017,21.76416860755353,27.76703721083322,0.8462341435776498,0.9792217479042815,0.8897363808426406,0.9667736498702746,1.0708934749999999,1.107577755679889,1.0572625961056705
figure8,0.3,zero,0,0.0704614982790256,0.11888212594317198,0,166,0.7925,0.07999999999999999,22.303520873765592,28.930504451582237,0.9091145268520918,1.1685458266017867,0.9189959674879128,1.2484576945122572,0.8023225846075214,1.2300239912752162,0.9628168390598217
figure8,0.3,zero,1,0.06880170733396351,0.1207044287729346,0,152,0.81,0.07999999999999999,22.25155549126839,29.68625694133152,1.2787953352601258,1.0044223635817768,0.9285706909512074,1.2055422296129548,1.2657556657321478,0.7107927911116338,1.1998518154589901
figure8,0.3,zero,2,0.08597802407449022,0.1284814421309382,0,478,0.4025,0.07999999999999999,22.328599527529605,27.965494550262516,0.8415331062745423,0.9476292481194454,0.7134478146795729,0.9545011432872605,1.0835768931836764,0.7653587806267983,1.0280145628278612
figure8,0.3,zero,3,0.05363149591373248,0.100658081140946,0,66,0.9175,0.07999999999999999,22.081290028736476,28.831036738374678,1.285561133125112,1.2096500211543606,1.0717444093893798,0.7694067948878585,0.9078801846714966,1.1888402561538074,1.259938462936509
figure8,0.3,zero,4,0.058843286244582,0.11690188358760756,0,124,0.845,0.07999999999999999,22.375982343737633,28.15598419028902,1.2886616093177994,1.0841815038726157,1.117497424620005,1.2424394233058358,1.1672935667161433,0.8939246219745437,1.17497459228698
figure8,0.3,zero,5,0.05902874530701934,0.11015145121084675,0,110,0.8625,0.07999999999999999,22.457859231294606,29.266927240078076,1.2504382657243291,1.2709372462286828,1.036963233723571,0.9977229707180045,1.0045506923095462,1.2390131501658224,1.1433107462504035
figure8,0.3,zero,6,0.08682443444828994,0.13177611872510064,0,459,0.42625,0.07999999999999999,21.811407849988882,27.855208590626717,0.9748209417133179,0.7194945204930334,0.7192167740494821,1.108925471669618,0.8985408201895345,1.2071774826259671,0.7602051847828637
figure8,0.3,zero,7,0.055830668535331335,0.10016459226896232,0,68,0.915,0.07999999999999999,21.81110664242624,30.012653449703063,0.9218420803497236,0.7022225665387307,1.0163797402827084,0.7251638916349255,1.249514079394757,1.1939180940263572,1.1793183477414348
figure8,0.3,zero,8,0.05144942634538069,0.09465318246742668,0,57,0.92875,0.07999999999999999,22.01152178501843,28.17518111989557,1.1454886561716229,1.0215364239932136,1.0919193998073011,0.7106451284508513,0.9842337180678229,0.7042184597371558,1.2778158026295063
figure8,0.3,zero,9,0.07191274256270883,0.1165718174673244,0,164,0.795,0.07999999999999999,22.60095494251118,28.882219459901535,0.7477025079537956,1.1347712151244893,0.8637869564910199,1.0929920665703463,0.9684879270641237,0.9961368655679842,0.9081976553797163
figure8,0.3,persistence,0,0.0789690273717951,0.16803327999994905,40,0,1.0,0.09615174608978533,22.881617977493534,29.580960119510564,0.9091145268520918,1.1685458266017867,0.9189959674879128,1.2484576945122572,0.8023225846075214,1.2300239912752162,0.9628168390598217
figure8,0.3,persistence,1,0.07702392720611465,0.16074369178371098,37,0,1.0,0.09507168096060074,22.403066984998077,28.589663759794348,1.2787953352601258,1.0044223635817768,0.9285706909512074,1.2055422296129548,1.2657556657321478,0.7107927911116338,1.1998518154589901
figure8,0.3,persistence,2,0.09157189913690555,0.16142913337855452,25,0,1.0,0.10884097182244533,22.3315457374747,28.69308659022863,0.8415331062745423,0.9476292481194454,0.7134478146795729,0.9545011432872605,1.0835768931836764,0.7653587806267983,1.0280145628278612
figure8,0.3,persistence,3,0.05623924755196995,0.11620221285812989,0,0,1.0,0.08488737282702433,22.52073767748925,28.6092095301683,1.285561133125112,1.2096500211543606,1.0717444093893798,0.7694067948878585,0.9078801846714966,1.1888402561538074,1.259938462936509
figure8,0.3,persistence,4,0.06703223625500905,0.15064754045369905,4,0,1.0,0.09139464396198833,22.63036130875662,28.278947500148206,1.2886616093177994,1.0841815038726157,1.117497424620005,1.2424394233058358,1.1672935667161433,0.8939246219745437,1.17497459228698
figure8,0.3,persistence,5,0.06473691081109703,0.13741778758446302,0,0,1.0,0.08895301736584842,22.342355671285077,27.977048789562105,1.2504382657243291,1.2709372462286828,1.036963233723571,0.9977229707180045,1.0045506923095462,1.2390131501658224,1.1433107462504035
figure8,0.3,persistence,6,0.09429690701582595,0.17550210433735383,62,0,1.0,0.11047985854641253,21.51680386625685,27.755105299293064,0.9748209417133179,0.7194945204930334,0.7192167740494821,1.108925471669618,0.8985408201895345,1.2071774826259671,0.7602051847828637
figure8,0.3,persistence,7,0.05801949555674775,0.1165195316345725,0,0,1.0,0.08476697607668998,21.00004907996663,26.840835498824163,0.9218420803497236,0.7022225665387307,1.0163797402827084,0.7251638916349255,1.249514079394757,1.1939180940263572,1.1793183477414348
figure8,0.3,persistence,8,0.05346326875607058,0.10881915333770686,0,0,1.0,0.08395495726173302,20.899802332510262,27.698342089934158,1.1454886561716229,1.0215364239932136,1.0919193998073011,0.7106451284508513,0.9842337180678229,0.7042184597371558,1.2778158026295063
figure8,0.3,persistence,9,0.07899945115202835,0.16182751789761285,23,0,1.0,0.09630521943778803,22.410377771218464,30.828846769381926,0.7477025079537956,1.1347712151244893,0.8637869564910199,1.0929920665703463,0.9684879270641237,0.9961368655679842,0.9081976553797163
figure8,0.3,mamba,0,0.07895508401928447,0.16604313137434676,38,1,0.99875,0.09581265250283884,22.398222158703902,29.149628000977827,0.9091145268520918,1.1685458266017867,0.9189959674879128,1.2484576945122572,0.8023225846075214,1.2300239912752162,0.9628168390598217
figure8,0.3,mamba,1,0.0771149403672013,0.16162291044158889,35,3,0.99625,0.0952354686486154,23.085054768725968,29.111005380200364,1.2787953352601258,1.0044223635817768,0.9285706909512074,1.2055422296129548,1.2657556657321478,0.7107927911116338,1.1998518154589901
figure8,0.3,mamba,2,0.09153828042085145,0.16345591440520776,22,3,0.99625,0.10814046959291275,22.652528877536042,28.151596709431033,0.8415331062745423,0.9476292481194454,0.7134478146795729,0.9545011432872605,1.0835768931836764,0.7653587806267983,1.0280145628278612
figure8,0.3,mamba,3,0.05649514897545219,0.11856481754147934,0,0,1.0,0.08586159122390104,22.67151267876443,29.055222771257828,1.285561133125112,1.2096500211543606,1.0717444093893798,0.7694067948878585,0.9078801846714966,1.1888402561538074,1.259938462936509
figure8,0.3,mamba,4,0.06727743847656811,0.15263487340267487,8,2,0.9975,0.09189738705725979,23.00099025624604,29.3922841400672,1.2886616093177994,1.0841815038726157,1.117497424620005,1.2424394233058358,1.1672935667161433,0.8939246219745437,1.17497459228698
figure8,0.3,mamba,5,0.0650676742967198,0.13931826442780454,0,0,1.0,0.0899620972786041,22.748801125001137,30.284543230663985,1.2504382657243291,1.2709372462286828,1.036963233723571,0.9977229707180045,1.0045506923095462,1.2390131501658224,1.1433107462504035
figure8,0.3,mamba,6,0.09407801526042073,0.17540633466216513,58,9,0.98875,0.10877274175057057,22.034758187467105,28.19264650903278,0.9748209417133179,0.7194945204930334,0.7192167740494821,1.108925471669618,0.8985408201895345,1.2071774826259671,0.7602051847828637
figure8,0.3,mamba,7,0.05828785765508708,0.11804264298270688,0,0,1.0,0.08605016799013862,20.620191717500802,26.379303999729018,0.9218420803497236,0.7022225665387307,1.0163797402827084,0.7251638916349255,1.249514079394757,1.1939180940263572,1.1793183477414348
figure8,0.3,mamba,8,0.05372916073689651,0.11074309425208335,0,0,1.0,0.08492552807910077,21.81772610880671,27.950811510090716,1.1454886561716229,1.0215364239932136,1.0919193998073011,0.7106451284508513,0.9842337180678229,0.7042184597371558,1.2778158026295063
figure8,0.3,mamba,9,0.07906917089154632,0.160164310456286,22,0,1.0,0.09659427502000724,21.82550533624635,29.469138741005736,0.7477025079537956,1.1347712151244893,0.8637869564910199,1.0929920665703463,0.9684879270641237,0.9961368655679842,0.9081976553797163
lissajous,0.1,zero,0,0.07526835230130896,0.13905722506796175,0,173,0.78375,0.07999999999999999,21.72987838623385,28.31193101068493,1.0742118291265905,1.056400764900274,1.0745775420018597,0.9818190038457655,1.058613475884636,0.9239953049052425,1.0098305617838998
lissajous,0.1,zero,1,0.09758395415982528,0.17623065593247375,53,620,0.225,0.07999999999999999,21.809482273765752,28.779312599581313,0.9749832118984151,0.972230396840597,0.9027711441267005,1.0109623311580027,0.9634964905126098,1.0325593175246153,0.961001444045181
lissajous,0.1,zero,2,0.08205971197533442,0.1360375892210774,0,348,0.565,0.07999999999999999,21.42893113625405,27.609813309773017,1.0508964986432316,0.9202239000016463,0.9847334131236247,0.9137993311038931,1.0195708977692175,1.0510648948569132,0.907598169058095
lissajous,0.1,zero,3,0.08119657565546237,0.14395899340605162,0,286,0.6425,0.07999999999999999,21.840771223785396,27.961403549525127,1.052480990649457,1.0544897801131157,1.0143232271349305,0.9954337833249803,1.062168602804733,1.0992431846970654,0.9414717241343459
lissajous,0.1,zero,4,0.08219954098765099,0.13667510249396894,0,330,0.5875,0.07999999999999999,21.683684898744104,26.53869194076833,1.087607064428867,0.9621656224676197,0.9840562479073237,0.9399497200535527,0.9501822737762291,0.9428720286976604,1.0042499520438362
lissajous,0.1,zero,5,0.1019338218139295,0.2017569090787958,68,637,0.20375,0.07999999999999999,22.364778986261626,28.91464445974634,0.9519073997298757,1.0213368579335296,0.9081196754167372,1.0918851472812814,0.993704815763858,1.0208410097527123,1.0780037150780393
lissajous,0.1,zero,6,0.08053134585419837,0.1407713095574837,0,303,0.62125,0.07999999999999999,22.13434666005469,31.190668559920596,0.9911745262645169,1.0815352438733659,0.9998867731361242,0.9263849663939187,0.9623158607881309,0.948513201149286,0.9851285218458004
lissajous,0.1,zero,7,0.09926677615384158,0.19373594444659073,59,604,0.245,0.07999999999999999,21.72136179998688,30.47254273935323,0.9329641220334577,0.9701802355482037,0.9127047190274592,1.063037454076552,1.0902206299297688,0.9812787758862649,1.005260664897588
lissajous,0.1,zero,8,0.08543258634776109,0.14783408734926554,0,413,0.48375,0.07999999999999999,22.271016681254423,28.741986758705025,0.9407376052771498,1.0793599427987846,0.9694079433892239,0.9684559886964198,1.0375159058218952,0.9706246103220522,1.077101642895073
lissajous,0.1,zero,9,0.07828950392514972,0.1492563020895532,0,201,0.74875,0.07999999999999999,22.39955126875202,28.70766958967579,0.9391210514568652,1.069668618209774,1.061488700271588,1.0490412100316238,1.0191778338280681,1.0473355575881593,1.077667275299033
lissajous,0.1,persistence,0,0.07968774148302551,0.16641023680869588,22,0,1.0,0.09726581233140477,22.63013196493148,29.3430180913856,1.0742118291265905,1.056400764900274,1.0745775420018597,0.9818190038457655,1.058613475884636,0.9239953049052425,1.0098305617838998
lissajous,0.1,persistence,1,0.10512285947280371,0.2106087217568958,87,0,1.0,0.11970207212569234,22.409571696214243,28.55952339930809,0.9749832118984151,0.972230396840597,0.9027711441267005,1.0109623311580027,0.9634964905126098,1.0325593175246153,0.961001444045181
lissajous,0.1,persistence,2,0.0860280137436475,0.16242747437709557,15,0,1.0,0.10357136660685634,22.202001136258787,27.9778934991009,1.0508964986432316,0.9202239000016463,0.9847334131236247,0.9137993311038931,1.0195708977692175,1.0510648948569132,0.907598169058095
lissajous,0.1,persistence,3,0.08667542625022932,0.1718881930531622,53,0,1.0,0.10315151474488425,22.682016928777102,28.837284719975287,1.052480990649457,1.0544897801131157,1.0143232271349305,0.9954337833249803,1.062168602804733,1.0992431846970654,0.9414717241343459
lissajous,0.1,persistence,4,0.08683628122211476,0.1671479951980623,29,0,1.0,0.10405583002077858,22.96367690253419,28.675212029993418,1.087607064428867,0.9621656224676197,0.9840562479073237,0.9399497200535527,0.9501822737762291,0.9428720286976604,1.0042499520438362
lissajous,0.1,persistence,5,0.11248967366137728,0.2413746132941654,107,0,1.0,0.12454733493660909,22.5550523012771,28.228903100498428,0.9519073997298757,1.0213368579335296,0.9081196754167372,1.0918851472812814,0.993704815763858,1.0208410097527123,1.0780037150780393
lissajous,0.1,persistence,6,0.08487055436972772,0.16735675873512337,27,0,1.0,0.1021028044798842,21.71021742378798,27.65862119884332,0.9911745262645169,1.0815352438733659,0.9998867731361242,0.9263849663939187,0.9623158607881309,0.948513201149286,0.9851285218458004
lissajous,0.1,persistence,7,0.10785266039811973,0.2267535877047752,101,0,1.0,0.12141512886713361,21.988386694963538,29.331227409875282,0.9329641220334577,0.9701802355482037,0.9127047190274592,1.063037454076552,1.0902206299297688,0.9812787758862649,1.005260664897588
lissajous,0.1,persistence,8,0.09079794266978418,0.17691021847097674,55,0,1.0,0.10714746766256518,22.462488631292672,28.973409749632992,0.9407376052771498,1.0793599427987846,0.9694079433892239,0.9684559886964198,1.0375159058218952,0.9706246103220522,1.077101642895073
lissajous,0.1,persistence,9,0.08443464435313296,0.1788266791949255,52,0,1.0,0.10057345373156018,22.03051336874296,28.234064660373406,0.9391210514568652,1.069668618209774,1.061488700271588,1.0490412100316238,1.0191778338280681,1.0473355575881593,1.077667275299033
lissajous,0.1,mamba,0,0.08053653335519943,0.17038238780777135,32,20,0.975,0.10050874339635354,22.524784933709725,29.364749381275033,1.0742118291265905,1.056400764900274,1.0745775420018597,0.9818190038457655,1.058613475884636,0.9239953049052425,1.0098305617838998
lissajous,0.1,mamba,1,0.10566769782164609,0.22148729671311157,90,101,0.87375,0.11630111982750303,22.574598551304916,28.166045390589716,0.9749832118984151,0.972230396840597,0.9027711441267005,1.0109623311580027,0.9634964905126098,1.0325593175246153,0.961001444045181
lissajous,0.1,mamba,2,0.0865130914328188,0.1771480424946009,32,39,0.95125,0.10482351104866311,22.37303511998789,28.352922388367006,1.0508964986432316,0.9202239000016463,0.9847334131236247,0.9137993311038931,1.0195708977692175,1.0510648948569132,0.907598169058095
lissajous,0.1,mamba,3,0.08792338165411188,0.18290672559852572,58,44,0.945,0.10351323163987793,22.52222793872761,29.216164200097406,1.052480990649457,1.0544897801131157,1.0143232271349305,0.9954337833249803,1.062168602804733,1.0992431846970654,0.9414717241343459
lissajous,0.1,mamba,4,0.087500440235622,0.17668529183917003,45,37,0.95375,0.10517983881970379,22.032274783766752,28.188156191154118,1.087607064428867,0.9621656224676197,0.9840562479073237,0.9399497200535527,0.9501822737762291,0.9428720286976604,1.0042499520438362
lissajous,0.1,mamba,5,0.11255938637070026,0.24977089029968325,109,106,0.8675,0.1200083735748927,21.905828293774903,28.041652840547613,0.9519073997298757,1.0213368579335296,0.9081196754167372,1.0918851472812814,0.993704815763858,1.0208410097527123,1.0780037150780393
lissajous,0.1,mamba,6,0.08529323319934505,0.16848298916444215,34,24,0.97,0.10346815633564724,21.386788041215823,28.34610220055765,0.9911745262645169,1.0815352438733659,0.9998867731361242,0.9263849663939187,0.9623158607881309,0.948513201149286,0.9851285218458004
lissajous,0.1,mamba,7,0.10837687402777094,0.23941782539367695,101,104,0.87,0.1177064452651538,22.50369740500446,28.820344170871977,0.9329641220334577,0.9701802355482037,0.9127047190274592,1.063037454076552,1.0902206299297688,0.9812787758862649,1.005260664897588
lissajous,0.1,mamba,8,0.09139024969109177,0.18754842911156913,60,48,0.94,0.1067996740174943,22.52931036372047,29.08694221137921,0.9407376052771498,1.0793599427987846,0.9694079433892239,0.9684559886964198,1.0375159058218952,0.9706246103220522,1.077101642895073
lissajous,0.1,mamba,9,0.08541291796297024,0.18851074778933746,61,52,0.935,0.10156951439111736,22.19963924747617,28.296643390312965,0.9391210514568652,1.069668618209774,1.061488700271588,1.0490412100316238,1.0191778338280681,1.0473355575881593,1.077667275299033
lissajous,0.2,zero,0,0.10950008220896625,0.2271839177517861,92,660,0.175,0.07999999999999999,22.184187029988607,27.793526071091037,1.0130084044486567,1.0963166173507772,0.9118883045919502,1.168386020714459,1.0049288325775896,0.8052064265365091,0.9917325377427197
lissajous,0.2,zero,1,0.08952109129191864,0.17315447413133106,51,376,0.53,0.07999999999999999,22.06493900745727,27.537600181240123,0.8571171131233195,0.8693753289682885,0.9990165502781679,1.1072977244892892,1.0056362020979905,1.0035884881044141,1.098349436451578
lissajous,0.2,zero,2,0.09584908951301832,0.14884149224441157,0,664,0.17,0.07999999999999999,22.622992827512007,28.152876660424226,1.0415551115500437,1.0203759287738465,0.857459044364321,0.8345010727165841,1.1451193635931605,1.1025901130398177,0.9860569758704741
lissajous,0.2,zero,3,0.08975598885015935,0.13863651344183162,0,561,0.29875,0.07999999999999999,22.146589826290892,27.864974239964795,1.0215712669461612,1.1570635075090756,0.9035480261187546,0.8639187129404107,1.1966106681798907,0.8495841723410376,0.9882081981970149
lissajous,0.2,zero,4,0.06850233498586217,0.13100810105965405,0,101,0.87375,0.07999999999999999,21.40670453120265,28.409601720359206,0.8881812112970001,0.9471237989525775,1.1661380539514217,1.042609240560331,0.9378214702202506,0.828597947686987,0.8075098794214752
lissajous,0.2,zero,5,0.07669529366372697,0.14330358779503977,0,167,0.79125,0.07999999999999999,21.256412171221655,29.614242151274084,0.9182725540357923,1.1985288524387525,1.0853899259324178,1.0744623606029837,0.9089157105371479,0.8360252798712785,0.9317440746521558
lissajous,0.2,zero,6,0.07569506100118878,0.12644402159450774,0,228,0.715,0.07999999999999999,20.41125760624709,26.062366160495003,1.1805035418184997,0.8225548233220727,1.0174456252693926,0.8020143695347303,1.1942168550756782,1.1100248441263496,1.0639165311645944
lissajous,0.2,zero,7,0.08888962754810738,0.1824069222641206,45,338,0.5775,0.07999999999999999,22.1825146099809,28.14856198958296,1.1476496385175825,1.0633104170609344,1.0209513792744696,1.1515164141222065,0.8580568282323577,1.1230491299801253,0.894382884672055
lissajous,0.2,zero,8,0.08236543508933855,0.1437339809574405,0,338,0.5775,0.07999999999999999,22.068129947449506,28.357105549584958,1.0930896155582022,0.8368012706225935,0.9997223624803597,0.9806863352218358,1.159516934813261,1.0594633032539265,0.9027403827196036
lissajous,0.2,zero,9,0.09622220091104502,0.16471517072395242,26,626,0.2175,0.07999999999999999,22.120612347557653,28.009896798776023,0.8462341435776498,0.9792217479042815,0.8897363808426406,0.9667736498702746,1.0708934749999999,1.107577755679889,1.0572625961056705
lissajous,0.2,persistence,0,0.12223201336609314,0.2698434747897876,126,0,1.0,0.13126747747497716,21.884708584973396,27.345081679304712,1.0130084044486567,1.0963166173507772,0.9118883045919502,1.168386020714459,1.0049288325775896,0.8052064265365091,0.9917325377427197
lissajous,0.2,persistence,1,0.09754112794932795,0.20770476041038174,84,0,1.0,0.11105036452690456,21.84314369253343,27.726745379277414,0.8571171131233195,0.8693753289682885,0.9990165502781679,1.1072977244892892,1.0056362020979905,1.0035884881044141,1.098349436451578
lissajous,0.2,persistence,2,0.09990632615191156,0.17520947496809933,51,0,1.0,0.11753972379289987,23.114932085002238,31.496983580309454,1.0415551115500437,1.0203759287738465,0.857459044364321,0.8345010727165841,1.1451193635931605,1.1025901130398177,0.9860569758704741
lissajous,0.2,persistence,3,0.09387366608219633,0.16723920248828786,40,0,1.0,0.11127948925308935,23.175764252489444,29.334915890412958,1.0215712669461612,1.1570635075090756,0.9035480261187546,0.8639187129404107,1.1966106681798907,0.8495841723410376,0.9882081981970149
lissajous,0.2,persistence,4,0.07315249552658945,0.15638415853570137,12,0,1.0,0.09220779672787845,22.089981142519264,28.273100218812033,0.8881812112970001,0.9471237989525775,1.1661380539514217,1.042609240560331,0.9378214702202506,0.828597947686987,0.8075098794214752
lissajous,0.2,persistence,5,0.08303962414815541,0.1784189635507542,53,0,1.0,0.09921960692110549,21.476910869987478,27.53487592917736,0.9182725540357923,1.1985288524387525,1.0853899259324178,1.0744623606029837,0.9089157105371479,0.8360252798712785,0.9317440746521558
lissajous,0.2,persistence,6,0.07827753615913817,0.14886109629288705,0,0,1.0,0.09696857395273174,21.39607900124247,27.4517103796461,1.1805035418184997,0.8225548233220727,1.0174456252693926,0.8020143695347303,1.1942168550756782,1.1100248441263496,1.0639165311645944
lissajous,0.2,persistence,7,0.09754295953972282,0.2172021571559298,91,0,1.0,0.11060339947419649,22.599415983736435,29.054337230500096,1.1476496385175825,1.0633104170609344,1.0209513792744696,1.1515164141222065,0.8580568282323577,1.1230491299801253,0.894382884672055
lissajous,0.2,persistence,8,0.08756733618562072,0.17327010734984843,48,0,1.0,0.10404608240686163,22.526510016271004,28.73651656866059,1.0930896155582022,0.8368012706225935,0.9997223624803597,0.9806863352218358,1.159516934813261,1.0594633032539265,0.9027403827196036
lissajous,0.2,persistence,9,0.10333412891413879,0.19932519995532888,79,0,1.0,0.11884588654449352,22.849935210026615,29.163868011073642,0.8462341435776498,0.9792217479042815,0.8897363808426406,0.9667736498702746,1.0708934749999999,1.107577755679889,1.0572625961056705
lissajous,0.2,mamba,0,0.12126543541493877,0.2695548513148417,128,116,0.855,0.12465486565840225,22.265553216197986,28.769217458557247,1.0130084044486567,1.0963166173507772,0.9118883045919502,1.168386020714459,1.0049288325775896,0.8052064265365091,0.9917325377427197
lissajous,0.2,mamba,1,0.098286453158775,0.21526322645814877,89,80,0.9,0.10939383588906494,22.56063379380521,29.14337433019682,0.8571171131233195,0.8693753289682885,0.9990165502781679,1.1072977244892892,1.0056362020979905,1.0035884881044141,1.098349436451578
lissajous,0.2,mamba,2,0.10011194042454312,0.18975603441753935,48,59,0.92625,0.11557527534708571,22.352960491209615,28.410509859895683,1.0415551115500437,1.0203759287738465,0.857459044364321,0.8345010727165841,1.1451193635931605,1.1025901130398177,0.9860569758704741
lissajous,0.2,mamba,3,0.09469447053603018,0.1764164771110926,48,51,0.93625,0.11062217798867234,22.63515355251684,30.678725710513387,1.0215712669461612,1.1570635075090756,0.9035480261187546,0.8639187129404107,1.1966106681798907,0.8495841723410376,0.9882081981970149
lissajous,0.2,mamba,4,0.07404787709102187,0.16780089177775484,19,21,0.97375,0.0960762445342025,20.99789323873665,26.950319350435162,0.8881812112970001,0.9471237989525775,1.1661380539514217,1.042609240560331,0.9378214702202506,0.828597947686987,0.8075098794214752
lissajous,0.2,mamba,5,0.08387673745301309,0.18614310527007846,59,50,0.9375,0.10064187072721856,20.90870451626415,27.027119289650727,0.9182725540357923,1.1985288524387525,1.0853899259324178,1.0744623606029837,0.9089157105371479,0.8360252798712785,0.9317440746521558
lissajous,0.2,mamba,6,0.07854228152430405,0.14940570474422626,0,17,0.97875,0.09959886996325448,22.72896251876091,29.232338830152003,1.1805035418184997,0.8225548233220727,1.0174456252693926,0.8020143695347303,1.1942168550756782,1.1100248441263496,1.0639165311645944
lissajous,0.2,mamba,7,0.09852973236429603,0.22813929642605998,94,81,0.89875,0.10941897080811706,22.549652539971703,29.788138629610327,1.1476496385175825,1.0633104170609344,1.0209513792744696,1.1515164141222065,0.8580568282323577,1.1230491299801253,0.894382884672055
lissajous,0.2,mamba,8,0.08825856927001129,0.18454709031755934,53,38,0.9525,0.10428961889660368,22.509431069991024,28.812152719983715,1.0930896155582022,0.8368012706225935,0.9997223624803597,0.9806863352218358,1.159516934813261,1.0594633032539265,0.9027403827196036
lissajous,0.2,mamba,9,0.10372258516654823,0.20485786564737787,81,87,0.89125,0.11564627615734306,22.42230306000465,28.192500559998734,0.8462341435776498,0.9792217479042815,0.8897363808426406,0.9667736498702746,1.0708934749999999,1.107577755679889,1.0572625961056705
lissajous,0.3,zero,0,0.11798947746410875,0.26158008109629743,114,671,0.16125,0.07999999999999999,22.287334523728077,27.94799112047258,0.9091145268520918,1.1685458266017867,0.9189959674879128,1.2484576945122572,0.8023225846075214,1.2300239912752162,0.9628168390598217
lissajous,0.3,zero,1,0.1111613782835628,0.24793237055428508,102,619,0.22625,0.07999999999999999,23.182323633739088,30.81248705066173,1.2787953352601258,1.0044223635817768,0.9285706909512074,1.2055422296129548,1.2657556657321478,0.7107927911116338,1.1998518154589901
lissajous,0.3,zero,2,0.18828926097430182,0.4902615860858295,323,778,0.0275,0.07999999999999999,23.684187418753027,29.761964110639383,0.8415331062745423,0.9476292481194454,0.7134478146795729,0.9545011432872605,1.0835768931836764,0.7653587806267983,1.0280145628278612
lissajous,0.3,zero,3,0.0699134597352541,0.12657889773718958,0,150,0.8125,0.07999999999999999,22.446560121272796,30.140864380555286,1.285561133125112,1.2096500211543606,1.0717444093893798,0.7694067948878585,0.9078801846714966,1.1888402561538074,1.259938462936509
lissajous,0.3,zero,4,0.08258887576847956,0.17011651332237146,45,213,0.73375,0.07999999999999999,21.393741079982647,27.80480902940326,1.2886616093177994,1.0841815038726157,1.117497424620005,1.2424394233058358,1.1672935667161433,0.8939246219745437,1.17497459228698
lissajous,0.3,zero,5,0.07868274496295818,0.1412337994857507,0,242,0.6975,0.07999999999999999,21.156825189989377,28.075475599343918,1.2504382657243291,1.2709372462286828,1.036963233723571,0.9977229707180045,1.0045506923095462,1.2390131501658224,1.1433107462504035
lissajous,0.3,zero,6,0.2600751538823111,0.5371057508721857,473,785,0.01875,0.07999999999999999,23.220364367491584,30.157315148408088,0.9748209417133179,0.7194945204930334,0.7192167740494821,1.108925471669618,0.8985408201895345,1.2071774826259671,0.7602051847828637
lissajous,0.3,zero,7,0.07411197389457298,0.125130353981339,0,216,0.73,0.07999999999999999,22.602140688766212,29.009577908582287,0.9218420803497236,0.7022225665387307,1.0163797402827084,0.7251638916349255,1.249514079394757,1.1939180940263572,1.1793183477414348
lissajous,0.3,zero,8,0.06683322285556724,0.1201001704300554,0,88,0.89,0.07999999999999999,22.479396112496488,29.45945931100141,1.1454886561716229,1.0215364239932136,1.0919193998073011,0.7106451284508513,0.9842337180678229,0.7042184597371558,1.2778158026295063
lissajous,0.3,zero,9,0.11128768185562748,0.2240987010331087,92,699,0.12625,0.07999999999999999,22.44321867122835,28.13381432129972,0.7477025079537956,1.1347712151244893,0.8637869564910199,1.0929920665703463,0.9684879270641237,0.9961368655679842,0.9081976553797163
lissajous,0.3,persistence,0,0.13321703405518176,0.3034776782022881,144,0,1.0,0.13808507724520308,22.729216068742062,30.53148992172282,0.9091145268520918,1.1685458266017867,0.9189959674879128,1.2484576945122572,0.8023225846075214,1.2300239912752162,0.9628168390598217
lissajous,0.3,persistence,1,0.12333421583188023,0.28571614534494805,132,0,1.0,0.13085818345571368,22.83718290873594,28.78051213956496,1.2787953352601258,1.0044223635817768,0.9285706909512074,1.2055422296129548,1.2657556657321478,0.7107927911116338,1.1998518154589901
lissajous,0.3,persistence,2,0.21664277401071835,0.5385809586338172,444,0,1.0,0.21252756628223415,23.591706468710072,29.377142148950952,0.8415331062745423,0.9476292481194454,0.7134478146795729,0.9545011432872605,1.0835768931836764,0.7653587806267983,1.0280145628278612
lissajous,0.3,persistence,3,0.07208325515081272,0.1361458347162894,0,0,1.0,0.09233278343970032,21.775802971299072,28.272321520707912,1.285561133125112,1.2096500211543606,1.0717444093893798,0.7694067948878585,0.9078801846714966,1.1888402561538074,1.259938462936509
lissajous,0.3,persistence,4,0.0911920190429131,0.2086401623259721,89,0,1.0,0.10434205367797565,21.429883113746655,27.499914199870542,1.2886616093177994,1.0841815038726157,1.117497424620005,1.2424394233058358,1.1672935667161433,0.8939246219745437,1.17497459228698
lissajous,0.3,persistence,5,0.0841603317240278,0.1705062356702504,43,0,1.0,0.10097038947138863,22.373872108742034,29.309063779382996,1.2504382657243291,1.2709372462286828,1.036963233723571,0.9977229707180045,1.0045506923095462,1.2390131501658224,1.1433107462504035
lissajous,0.3,persistence,6,0.295225028267798,0.6057855582373485,495,0,1.0,0.2793007341162381,24.5888969775001,39.492751979851164,0.9748209417133179,0.7194945204930334,0.7192167740494821,1.108925471669618,0.8985408201895345,1.2071774826259671,0.7602051847828637
lissajous,0.3,persistence,7,0.07603661515402999,0.1348992363748485,0,0,1.0,0.09529447422269657,22.412306923758933,30.755044929464926,0.9218420803497236,0.7022225665387307,1.0163797402827084,0.7251638916349255,1.249514079394757,1.1939180940263572,1.1793183477414348
lissajous,0.3,persistence,8,0.06847932174223774,0.12581487523566343,0,0,1.0,0.08974773673685084,22.980722740007877,31.77062953913264,1.1454886561716229,1.0215364239932136,1.0919193998073011,0.7106451284508513,0.9842337180678229,0.7042184597371558,1.2778158026295063
lissajous,0.3,persistence,9,0.12291187534942709,0.26642730489564953,122,0,1.0,0.13354561023598507,22.23494104625388,28.247050081208727,0.7477025079537956,1.1347712151244893,0.8637869564910199,1.0929920665703463,0.9684879270641237,0.9961368655679842,0.9081976553797163
lissajous,0.3,mamba,0,0.1312095187559369,0.29917992971396934,143,138,0.8275,0.12945583043081543,22.781117291276587,30.388877298992146,0.9091145268520918,1.1685458266017867,0.9189959674879128,1.2484576945122572,0.8023225846075214,1.2300239912752162,0.9628168390598217
lissajous,0.3,mamba,1,0.12350906225630964,0.2889053896455698,133,125,0.84375,0.12438369332815935,22.886883133733136,28.941959450075952,1.2787953352601258,1.0044223635817768,0.9285706909512074,1.2055422296129548,1.2657556657321478,0.7107927911116338,1.1998518154589901
lissajous,0.3,mamba,2,0.21818631408501846,0.540945498223328,431,320,0.6,0.1965924621951874,22.761268644990196,28.824597149814508,0.8415331062745423,0.9476292481194454,0.7134478146795729,0.9545011432872605,1.0835768931836764,0.7653587806267983,1.0280145628278612
lissajous,0.3,mamba,3,0.07264270618397453,0.1493543479923482,0,10,0.9875,0.09520312312533784,21.399105468772177,27.24097958092898,1.285561133125112,1.2096500211543606,1.0717444093893798,0.7694067948878585,0.9078801846714966,1.1888402561538074,1.259938462936509
lissajous,0.3,mamba,4,0.09226604840828909,0.2153602255224743,93,73,0.90875,0.10375948398531562,21.087200970032427,27.20233453892433,1.2886616093177994,1.0841815038726157,1.117497424620005,1.2424394233058358,1.1672935667161433,0.8939246219745437,1.17497459228698
lissajous,0.3,mamba,5,0.0848039755969592,0.17711893335956916,48,39,0.95125,0.10214557999707463,22.52025614372087,28.446395929986462,1.2504382657243291,1.2709372462286828,1.036963233723571,0.9977229707180045,1.0045506923095462,1.2390131501658224,1.1433107462504035
lissajous,0.3,mamba,6,0.3074559411516204,0.6097896040073439,511,340,0.575,0.2819708140755305,22.513315753765255,29.285233498685553,0.9748209417133179,0.7194945204930334,0.7192167740494821,1.108925471669618,0.8985408201895345,1.2071774826259671,0.7602051847828637
lissajous,0.3,mamba,7,0.07628006537082431,0.14223766726109915,0,6,0.9925,0.09869777395355651,22.785182116297165,30.94983965025676,0.9218420803497236,0.7022225665387307,1.0163797402827084,0.7251638916349255,1.249514079394757,1.1939180940263572,1.1793183477414348
lissajous,0.3,mamba,8,0.06889723643705824,0.13582905861434608,0,7,0.99125,0.09307287693058498,22.261454076231075,27.950001061144576,1.1454886561716229,1.0215364239932136,1.0919193998073011,0.7106451284508513,0.9842337180678229,0.7042184597371558,1.2778158026295063
lissajous,0.3,mamba,9,0.12205156088566267,0.2617407030567898,123,125,0.84375,0.12617101862778188,22.77294929627942,30.42736783954751,0.7477025079537956,1.1347712151244893,0.8637869564910199,1.0929920665703463,0.9684879270641237,0.9961368655679842,0.9081976553797163
